{
    "metrics": {
        "http_req_duration": {
            "avg": 3195.560242980001,
            "min": 268.8253,
            "med": 2927.9425,
            "max": 7957.4936,
            "p(90)": 5887.50904,
            "p(95)": 6407.487105
        },
        "http_req_waiting": {
            "avg": 3194.8913779799955,
            "min": 260.8247,
            "med": 2927.9425,
            "max": 7957.4936,
            "p(90)": 5886.9605200000005,
            "p(95)": 6407.4370149999995
        },
        "http_req_receiving": {
            "p(95)": 1.150945000000001,
            "avg": 0.24637576000000003,
            "min": 0,
            "med": 0,
            "max": 37.0001,
            "p(90)": 0.552
        },
        "http_reqs": {
            "count": 5000,
            "rate": 504.7072021919636
        },
        "http_req_failed": {
            "passes": 0,
            "fails": 5000,
            "value": 0
        },
        "http_req_tls_handshaking": {
            "avg": 563.5236411599997,
            "min": 213.2877,
            "med": 586.505,
            "max": 1262.4452,
            "p(90)": 877.5584,
            "p(95)": 1075.9174
        },
        "vus": {
            "value": 5,
            "min": 0,
            "max": 5000
        },
        "vus_max": {
            "value": 5000,
            "min": 3578,
            "max": 5000
        },
        "http_req_sending": {
            "avg": 0.42248923999999943,
            "min": 0,
            "med": 0,
            "max": 35.998,
            "p(90)": 1.0009,
            "p(95)": 1.0026
        },
        "http_req_duration{expected_response:true}": {
            "p(95)": 6407.487105,
            "avg": 3195.560242980001,
            "min": 268.8253,
            "med": 2927.9425,
            "max": 7957.4936,
            "p(90)": 5887.50904
        },
        "data_sent": {
            "count": 10298988,
            "rate": 1039594.6837777212
        },
        "http_req_connecting": {
            "p(95)": 246.42736,
            "avg": 229.76013136000023,
            "min": 185.7509,
            "med": 228.1714,
            "max": 252.4298,
            "p(90)": 243.43215
        },
        "checks": {
            "passes": 5000,
            "fails": 60000,
            "value": 0.07692307692307693
        },
        "data_received": {
            "count": 27242630,
            "rate": 2749910.3135301704
        },
        "http_req_blocked": {
            "max": 1498.5161,
            "p(90)": 1108.7298,
            "p(95)": 1301.0231250000002,
            "avg": 817.2683489799987,
            "min": 410.0332,
            "med": 878.19925
        },
        "iteration_duration": {
            "avg": 5013.365352240002,
            "min": 1683.2271,
            "med": 4819.5836,
            "max": 9781.9257,
            "p(90)": 7795.7145500000015,
            "p(95)": 8393.192785000001
        },
        "iterations": {
            "count": 5000,
            "rate": 504.7072021919636
        }
    },
    "root_group": {
        "checks": {
            "200 OK": {
                "name": "200 OK",
                "path": "::200 OK",
                "id": "e9654c443eff553da9e69eda7007924e",
                "passes": 5000,
                "fails": 0
            },
            "201 Created": {
                "name": "201 Created",
                "path": "::201 Created",
                "id": "728dcd977aae263ca314731145e1d447",
                "passes": 0,
                "fails": 5000
            },
            "204 No Content": {
                "id": "54fa3c2eda34e1622fda2da5e0479fc5",
                "passes": 0,
                "fails": 5000,
                "name": "204 No Content",
                "path": "::204 No Content"
            },
            "400 Bad Request": {
                "name": "400 Bad Request",
                "path": "::400 Bad Request",
                "id": "eeae81934b9b58bccaf0184a6d070338",
                "passes": 0,
                "fails": 5000
            },
            "401 Unauthorized": {
                "name": "401 Unauthorized",
                "path": "::401 Unauthorized",
                "id": "6ae9254e6aefe7f0bafe5102fa7e20a5",
                "passes": 0,
                "fails": 5000
            },
            "403 Forbidden": {
                "name": "403 Forbidden",
                "path": "::403 Forbidden",
                "id": "655548b761742c5a7ad15aa7df3a5d9c",
                "passes": 0,
                "fails": 5000
            },
            "404 Not Found": {
                "path": "::404 Not Found",
                "id": "df1528f9925ca236bac51008f77b774a",
                "passes": 0,
                "fails": 5000,
                "name": "404 Not Found"
            },
            "422 Unprocessable Content": {
                "id": "d94c37ab64a32602add978a71bd22822",
                "passes": 0,
                "fails": 5000,
                "name": "422 Unprocessable Content",
                "path": "::422 Unprocessable Content"
            },
            "429 Too Many Requests": {
                "fails": 5000,
                "name": "429 Too Many Requests",
                "path": "::429 Too Many Requests",
                "id": "b810c35b9499cc7342fd415032e3a6aa",
                "passes": 0
            },
            "500 Internal Server Error": {
                "name": "500 Internal Server Error",
                "path": "::500 Internal Server Error",
                "id": "3cd96245b24e869810efe46d533b0eef",
                "passes": 0,
                "fails": 5000
            },
            "502 Bad Gateway": {
                "path": "::502 Bad Gateway",
                "id": "712cb0ec189a11f31f0d6d0c0031b569",
                "passes": 0,
                "fails": 5000,
                "name": "502 Bad Gateway"
            },
            "503 Service Unavailable": {
                "name": "503 Service Unavailable",
                "path": "::503 Service Unavailable",
                "id": "f1ea1a22be0dc738c385523a66ea1cd9",
                "passes": 0,
                "fails": 5000
            },
            "504 Gateway Timeout": {
                "name": "504 Gateway Timeout",
                "path": "::504 Gateway Timeout",
                "id": "218efb729cb654723ccd57c6ebbebe29",
                "passes": 0,
                "fails": 5000
            }
        },
        "name": "",
        "path": "",
        "id": "d41d8cd98f00b204e9800998ecf8427e",
        "groups": {}
    }
}