{
    "metrics": {
        "http_reqs": {
            "count": 15000,
            "rate": 521.56885045064
        },
        "http_req_failed": {
            "passes": 0,
            "fails": 15000,
            "value": 0
        },
        "http_req_duration": {
            "min": 380.6324,
            "med": 8002.6461,
            "max": 25043.9674,
            "p(90)": 17352.545120000002,
            "p(95)": 19407.780035,
            "avg": 8562.714328526663
        },
        "http_req_sending": {
            "avg": 0.2916229599999999,
            "min": 0,
            "med": 0,
            "max": 29.9962,
            "p(90)": 1.0002,
            "p(95)": 1.0016
        },
        "iteration_duration": {
            "min": 2698.9075,
            "med": 12038.94045,
            "max": 28561.6219,
            "p(90)": 21468.68072,
            "p(95)": 23678.727415,
            "avg": 12405.638795580002
        },
        "vus": {
            "value": 43,
            "min": 0,
            "max": 15000
        },
        "http_req_tls_handshaking": {
            "max": 3443.1436,
            "p(90)": 2396.1501,
            "p(95)": 2883.8947649999996,
            "avg": 1437.5804387533271,
            "min": 6.9958,
            "med": 1187.5552
        },
        "data_received": {
            "count": 81714263,
            "rate": 2841307.6145554176
        },
        "data_sent": {
            "count": 30903286,
            "rate": 1074546.0902778239
        },
        "http_req_blocked": {
            "p(90)": 3800.9547,
            "p(95)": 4172.778799999999,
            "avg": 2841.698628760016,
            "min": 224.407,
            "med": 2686.7436500000003,
            "max": 4630.9354
        },
        "iterations": {
            "count": 15000,
            "rate": 521.56885045064
        },
        "checks": {
            "fails": 180000,
            "passes": 15000,
            "value": 0.07692307692307693
        },
        "vus_max": {
            "value": 15000,
            "min": 3408,
            "max": 15000
        },
        "http_req_connecting": {
            "avg": 1403.3265797000024,
            "min": 10.9964,
            "med": 1453.4547,
            "max": 1594.8799,
            "p(90)": 1572.6077,
            "p(95)": 1576.2587
        },
        "http_req_waiting": {
            "med": 8002.6461,
            "max": 25043.9674,
            "p(90)": 17352.51307,
            "p(95)": 19404.653039999997,
            "avg": 8562.286175753306,
            "min": 378.6316
        },
        "http_req_receiving": {
            "max": 29.9962,
            "p(90)": 0.5337,
            "p(95)": 0.7995049999999999,
            "avg": 0.1365298133333334,
            "min": 0,
            "med": 0
        },
        "http_req_duration{expected_response:true}": {
            "avg": 8562.714328526663,
            "min": 380.6324,
            "med": 8002.6461,
            "max": 25043.9674,
            "p(90)": 17352.545120000002,
            "p(95)": 19407.780035
        }
    },
    "root_group": {
        "name": "",
        "path": "",
        "id": "d41d8cd98f00b204e9800998ecf8427e",
        "groups": {},
        "checks": {
                "200 OK": {
                    "name": "200 OK",
                    "path": "::200 OK",
                    "id": "e9654c443eff553da9e69eda7007924e",
                    "passes": 15000,
                    "fails": 0
                },
                "201 Created": {
                    "name": "201 Created",
                    "path": "::201 Created",
                    "id": "728dcd977aae263ca314731145e1d447",
                    "passes": 0,
                    "fails": 15000
                },
                "204 No Content": {
                    "name": "204 No Content",
                    "path": "::204 No Content",
                    "id": "54fa3c2eda34e1622fda2da5e0479fc5",
                    "passes": 0,
                    "fails": 15000
                },
                "400 Bad Request": {
                    "passes": 0,
                    "fails": 15000,
                    "name": "400 Bad Request",
                    "path": "::400 Bad Request",
                    "id": "eeae81934b9b58bccaf0184a6d070338"
                },
                "401 Unauthorized": {
                    "name": "401 Unauthorized",
                    "path": "::401 Unauthorized",
                    "id": "6ae9254e6aefe7f0bafe5102fa7e20a5",
                    "passes": 0,
                    "fails": 15000
                },
                "403 Forbidden": {
                    "name": "403 Forbidden",
                    "path": "::403 Forbidden",
                    "id": "655548b761742c5a7ad15aa7df3a5d9c",
                    "passes": 0,
                    "fails": 15000
                },
                "404 Not Found": {
                    "id": "df1528f9925ca236bac51008f77b774a",
                    "passes": 0,
                    "fails": 15000,
                    "name": "404 Not Found",
                    "path": "::404 Not Found"
                },
                "422 Unprocessable Content": {
                    "name": "422 Unprocessable Content",
                    "path": "::422 Unprocessable Content",
                    "id": "d94c37ab64a32602add978a71bd22822",
                    "passes": 0,
                    "fails": 15000
                },
                "429 Too Many Requests": {
                    "name": "429 Too Many Requests",
                    "path": "::429 Too Many Requests",
                    "id": "b810c35b9499cc7342fd415032e3a6aa",
                    "passes": 0,
                    "fails": 15000
                },
                "500 Internal Server Error": {
                    "id": "3cd96245b24e869810efe46d533b0eef",
                    "passes": 0,
                    "fails": 15000,
                    "name": "500 Internal Server Error",
                    "path": "::500 Internal Server Error"
                },
                "502 Bad Gateway": {
                    "path": "::502 Bad Gateway",
                    "id": "712cb0ec189a11f31f0d6d0c0031b569",
                    "passes": 0,
                    "fails": 15000,
                    "name": "502 Bad Gateway"
                },
                "503 Service Unavailable": {
                    "fails": 15000,
                    "name": "503 Service Unavailable",
                    "path": "::503 Service Unavailable",
                    "id": "f1ea1a22be0dc738c385523a66ea1cd9",
                    "passes": 0
                },
                "504 Gateway Timeout": {
                    "id": "218efb729cb654723ccd57c6ebbebe29",
                    "passes": 0,
                    "fails": 15000,
                    "name": "504 Gateway Timeout",
                    "path": "::504 Gateway Timeout"
                }
            }
    }
}