{
    "metrics": {
        "http_req_connecting": {
            "avg": 1329.2106416733297,
            "min": 116.847,
            "med": 1395.9524,
            "max": 1896.8498,
            "p(90)": 1497.0514,
            "p(95)": 1503.496
        },
        "http_req_receiving": {
            "med": 11.2911,
            "max": 49963.2114,
            "p(90)": 6983.746590000001,
            "p(95)": 8209.460959999999,
            "avg": 2084.9898768333323,
            "min": 0
        },
        "iteration_duration": {
            "p(90)": 17466.766890000003,
            "p(95)": 18069.80739,
            "avg": 10805.350826866594,
            "min": 3490.981,
            "med": 9908.9708,
            "max": 61006.4214
        },
        "checks": {
            "passes": 14994,
            "fails": 180006,
            "value": 0.07689230769230769
        },
        "vus": {
            "value": 6,
            "min": 0,
            "max": 15000
        },
        "vus_max": {
            "value": 15000,
            "min": 3524,
            "max": 15000
        },
        "http_req_failed": {
            "passes": 6,
            "fails": 14994,
            "value": 0.0004
        },
        "http_reqs": {
            "count": 15000,
            "rate": 241.7575518725157
        },
        "data_sent": {
            "count": 36448968,
            "rate": 587454.2181306443
        },
        "http_req_sending": {
            "avg": 0.4461390466666668,
            "min": 0,
            "med": 0,
            "max": 55.9302,
            "p(90)": 1.0012,
            "p(95)": 1.0872299999999966
        },
        "http_req_duration{expected_response:true}": {
            "p(90)": 12582.6418,
            "p(95)": 13579.6092,
            "avg": 6606.133299059633,
            "min": 16,
            "med": 5565.67375,
            "max": 49531.6365
        },
        "http_req_blocked": {
            "avg": 3055.9359111600024,
            "min": 1320.1509,
            "med": 3113.7327999999998,
            "max": 4581.2114,
            "p(90)": 3638.6021,
            "p(95)": 3888.9241899999997
        },
        "http_req_tls_handshaking": {
            "p(95)": 2474.2737,
            "avg": 1725.899666879994,
            "min": 766.9165,
            "med": 1732.09085,
            "max": 3247.3714,
            "p(90)": 2147.3919300000007
        },
        "data_received": {
            "count": 1375689102,
            "rate": 22172215.295814637
        },
        "http_req_waiting": {
            "avg": 4540.557450273357,
            "min": 0,
            "med": 4789.8915,
            "max": 20103.9195,
            "p(90)": 6883.869540000001,
            "p(95)": 7802.049689999999
        },
        "http_req_duration": {
            "avg": 6625.993466153343,
            "min": 16,
            "med": 5566.7737,
            "max": 56601.4297,
            "p(90)": 12588.56915,
            "p(95)": 13583.356264999999
        },
        "iterations": {
            "count": 15000,
            "rate": 241.7575518725157
        }
    },
    "root_group": {
        "name": "",
        "path": "",
        "id": "d41d8cd98f00b204e9800998ecf8427e",
        "groups": {},
        "checks": {
                "200 OK": {
                    "fails": 6,
                    "name": "200 OK",
                    "path": "::200 OK",
                    "id": "e9654c443eff553da9e69eda7007924e",
                    "passes": 14994
                },
                "201 Created": {
                    "fails": 15000,
                    "name": "201 Created",
                    "path": "::201 Created",
                    "id": "728dcd977aae263ca314731145e1d447",
                    "passes": 0
                },
                "204 No Content": {
                    "path": "::204 No Content",
                    "id": "54fa3c2eda34e1622fda2da5e0479fc5",
                    "passes": 0,
                    "fails": 15000,
                    "name": "204 No Content"
                },
                "400 Bad Request": {
                    "name": "400 Bad Request",
                    "path": "::400 Bad Request",
                    "id": "eeae81934b9b58bccaf0184a6d070338",
                    "passes": 0,
                    "fails": 15000
                },
                "401 Unauthorized": {
                    "name": "401 Unauthorized",
                    "path": "::401 Unauthorized",
                    "id": "6ae9254e6aefe7f0bafe5102fa7e20a5",
                    "passes": 0,
                    "fails": 15000
                },
                "403 Forbidden": {
                    "fails": 15000,
                    "name": "403 Forbidden",
                    "path": "::403 Forbidden",
                    "id": "655548b761742c5a7ad15aa7df3a5d9c",
                    "passes": 0
                },
                "404 Not Found": {
                    "id": "df1528f9925ca236bac51008f77b774a",
                    "passes": 0,
                    "fails": 15000,
                    "name": "404 Not Found",
                    "path": "::404 Not Found"
                },
                "422 Unprocessable Content": {
                    "passes": 0,
                    "fails": 15000,
                    "name": "422 Unprocessable Content",
                    "path": "::422 Unprocessable Content",
                    "id": "d94c37ab64a32602add978a71bd22822"
                },
                "429 Too Many Requests": {
                    "name": "429 Too Many Requests",
                    "path": "::429 Too Many Requests",
                    "id": "b810c35b9499cc7342fd415032e3a6aa",
                    "passes": 0,
                    "fails": 15000
                },
                "500 Internal Server Error": {
                    "name": "500 Internal Server Error",
                    "path": "::500 Internal Server Error",
                    "id": "3cd96245b24e869810efe46d533b0eef",
                    "passes": 0,
                    "fails": 15000
                },
                "502 Bad Gateway": {
                    "passes": 0,
                    "fails": 15000,
                    "name": "502 Bad Gateway",
                    "path": "::502 Bad Gateway",
                    "id": "712cb0ec189a11f31f0d6d0c0031b569"
                },
                "503 Service Unavailable": {
                    "name": "503 Service Unavailable",
                    "path": "::503 Service Unavailable",
                    "id": "f1ea1a22be0dc738c385523a66ea1cd9",
                    "passes": 0,
                    "fails": 15000
                },
                "504 Gateway Timeout": {
                    "id": "218efb729cb654723ccd57c6ebbebe29",
                    "passes": 0,
                    "fails": 15000,
                    "name": "504 Gateway Timeout",
                    "path": "::504 Gateway Timeout"
                }
            }
    }
}