{
    "metrics": {
        "http_req_blocked": {
            "avg": 1982.4926612199984,
            "min": 900.7466,
            "med": 1718.0648,
            "max": 3170.4107,
            "p(90)": 2744.5469800000005,
            "p(95)": 2978.091155
        },
        "http_req_sending": {
            "avg": 0.47533296000000147,
            "min": 0,
            "med": 0,
            "max": 38.8774,
            "p(90)": 1.00462,
            "p(95)": 1.6866499999999993
        },
        "iterations": {
            "count": 10000,
            "rate": 761.3303562778634
        },
        "http_req_duration{expected_response:true}": {
            "max": 10302.8346,
            "p(90)": 5220.501200000001,
            "p(95)": 5669.172524999999,
            "avg": 3076.025250239993,
            "min": 16.3038,
            "med": 3667.7711
        },
        "vus": {
            "value": 1,
            "min": 0,
            "max": 10000
        },
        "http_req_failed": {
            "passes": 0,
            "fails": 10000,
            "value": 0
        },
        "checks": {
            "passes": 10000,
            "fails": 120000,
            "value": 0.07692307692307693
        },
        "http_req_duration": {
            "avg": 3076.025250239993,
            "min": 16.3038,
            "med": 3667.7711,
            "max": 10302.8346,
            "p(90)": 5220.501200000001,
            "p(95)": 5669.172524999999
        },
        "http_req_waiting": {
            "p(95)": 5331.163814999999,
            "avg": 2918.9126090899927,
            "min": 4.7607,
            "med": 3512.1097,
            "max": 8842.2472,
            "p(90)": 4984.71158
        },
        "data_sent": {
            "count": 23672080,
            "rate": 1802227.3100238086
        },
        "http_req_tls_handshaking": {
            "min": 0,
            "med": 920.4905,
            "max": 2341.4031,
            "p(90)": 1937.45426,
            "p(95)": 2105.8488,
            "avg": 1160.9755291600018
        },
        "vus_max": {
            "value": 10000,
            "min": 3694,
            "max": 10000
        },
        "http_req_connecting": {
            "min": 105.4388,
            "med": 838.6755,
            "max": 945.5726,
            "p(90)": 900.7466,
            "p(95)": 921.922,
            "avg": 820.6987919100048
        },
        "data_received": {
            "count": 863567460,
            "rate": 65746012.19917696
        },
        "iteration_duration": {
            "avg": 6127.84213624,
            "min": 2287.1911,
            "med": 6977.3287,
            "max": 13014.6868,
            "p(90)": 8579.995210000001,
            "p(95)": 8755.685625
        },
        "http_reqs": {
            "count": 10000,
            "rate": 761.3303562778634
        },
        "http_req_receiving": {
            "avg": 156.63730818999994,
            "min": 0,
            "med": 7.9977,
            "max": 5747.3267,
            "p(90)": 393.97467000000285,
            "p(95)": 1422.5313499999977
        }
    },
    "root_group": {
        "name": "",
        "path": "",
        "id": "d41d8cd98f00b204e9800998ecf8427e",
        "groups": {},
        "checks": {
                "200 OK": {
                    "id": "e9654c443eff553da9e69eda7007924e",
                    "passes": 10000,
                    "fails": 0,
                    "name": "200 OK",
                    "path": "::200 OK"
                },
                "201 Created": {
                    "name": "201 Created",
                    "path": "::201 Created",
                    "id": "728dcd977aae263ca314731145e1d447",
                    "passes": 0,
                    "fails": 10000
                },
                "204 No Content": {
                    "name": "204 No Content",
                    "path": "::204 No Content",
                    "id": "54fa3c2eda34e1622fda2da5e0479fc5",
                    "passes": 0,
                    "fails": 10000
                },
                "400 Bad Request": {
                    "id": "eeae81934b9b58bccaf0184a6d070338",
                    "passes": 0,
                    "fails": 10000,
                    "name": "400 Bad Request",
                    "path": "::400 Bad Request"
                },
                "401 Unauthorized": {
                    "id": "6ae9254e6aefe7f0bafe5102fa7e20a5",
                    "passes": 0,
                    "fails": 10000,
                    "name": "401 Unauthorized",
                    "path": "::401 Unauthorized"
                },
                "403 Forbidden": {
                    "name": "403 Forbidden",
                    "path": "::403 Forbidden",
                    "id": "655548b761742c5a7ad15aa7df3a5d9c",
                    "passes": 0,
                    "fails": 10000
                },
                "404 Not Found": {
                    "passes": 0,
                    "fails": 10000,
                    "name": "404 Not Found",
                    "path": "::404 Not Found",
                    "id": "df1528f9925ca236bac51008f77b774a"
                },
                "422 Unprocessable Content": {
                    "fails": 10000,
                    "name": "422 Unprocessable Content",
                    "path": "::422 Unprocessable Content",
                    "id": "d94c37ab64a32602add978a71bd22822",
                    "passes": 0
                },
                "429 Too Many Requests": {
                    "fails": 10000,
                    "name": "429 Too Many Requests",
                    "path": "::429 Too Many Requests",
                    "id": "b810c35b9499cc7342fd415032e3a6aa",
                    "passes": 0
                },
                "500 Internal Server Error": {
                    "name": "500 Internal Server Error",
                    "path": "::500 Internal Server Error",
                    "id": "3cd96245b24e869810efe46d533b0eef",
                    "passes": 0,
                    "fails": 10000
                },
                "502 Bad Gateway": {
                    "name": "502 Bad Gateway",
                    "path": "::502 Bad Gateway",
                    "id": "712cb0ec189a11f31f0d6d0c0031b569",
                    "passes": 0,
                    "fails": 10000
                },
                "503 Service Unavailable": {
                    "fails": 10000,
                    "name": "503 Service Unavailable",
                    "path": "::503 Service Unavailable",
                    "id": "f1ea1a22be0dc738c385523a66ea1cd9",
                    "passes": 0
                },
                "504 Gateway Timeout": {
                    "id": "218efb729cb654723ccd57c6ebbebe29",
                    "passes": 0,
                    "fails": 10000,
                    "name": "504 Gateway Timeout",
                    "path": "::504 Gateway Timeout"
                }
            }
    }
}