{
    "metrics": {
        "http_req_waiting": {
            "avg": 34515.67343930671,
            "min": 2148.2989,
            "med": 34181.8535,
            "max": 58816.3299,
            "p(90)": 54907.06173,
            "p(95)": 56808.44061499999
        },
        "vus": {
            "min": 0,
            "max": 15000,
            "value": 845
        },
        "http_reqs": {
            "rate": 242.50290193926804,
            "count": 15000
        },
        "http_req_connecting": {
            "avg": 716.6817436266655,
            "min": 109.0099,
            "med": 730.6822,
            "max": 759.5207,
            "p(90)": 745.825,
            "p(95)": 752.52075
        },
        "vus_max": {
            "value": 15000,
            "min": 3513,
            "max": 15000
        },
        "http_req_failed": {
            "passes": 671,
            "fails": 14329,
            "value": 0.04473333333333333
        },
        "http_req_receiving": {
            "p(95)": 0.5595,
            "avg": 0.1005712133333332,
            "min": 0,
            "med": 0,
            "max": 16.0901,
            "p(90)": 0.058820000000000074
        },
        "checks": {
            "passes": 14329,
            "fails": 180671,
            "value": 0.07348205128205128
        },
        "http_req_duration": {
            "avg": 34516.24954550003,
            "min": 2148.2989,
            "med": 34181.8535,
            "max": 58816.3299,
            "p(90)": 54908.44971,
            "p(95)": 56808.44061499999
        },
        "http_req_sending": {
            "min": 0,
            "med": 0,
            "max": 1485.9887,
            "p(90)": 1.0003,
            "p(95)": 1.0017,
            "avg": 0.4755349800000017
        },
        "data_received": {
            "count": 80272567,
            "rate": 1297755.3629076215
        },
        "http_req_tls_handshaking": {
            "avg": 1353.6047447533374,
            "min": 609.5002,
            "med": 1193.6638,
            "max": 3010.1574,
            "p(90)": 2133.6603700000005,
            "p(95)": 2340.0075
        },
        "http_req_duration{expected_response:true}": {
            "avg": 33447.85605970411,
            "min": 2148.2989,
            "med": 33198.2992,
            "max": 58681.1279,
            "p(90)": 53232.04066,
            "p(95)": 55212.83739999999
        },
        "http_req_blocked": {
            "p(90)": 2848.4023,
            "p(95)": 3068.7612349999995,
            "avg": 2070.913650286676,
            "min": 841.6768,
            "med": 1931.4382,
            "max": 3724.9565
        },
        "iterations": {
            "count": 15000,
            "rate": 242.50290193926804
        },
        "data_sent": {
            "rate": 512487.7200774259,
            "count": 31699892
        },
        "iteration_duration": {
            "avg": 37589.65132637325,
            "min": 4091.511,
            "med": 37276.4919,
            "max": 61138.4016,
            "p(90)": 58577.557160000004,
            "p(95)": 60624.698534999996
        }
    },
    "root_group": {
        "name": "",
        "path": "",
        "id": "d41d8cd98f00b204e9800998ecf8427e",
        "groups": {},
        "checks": {
                "200 OK": {
                    "passes": 14329,
                    "fails": 671,
                    "name": "200 OK",
                    "path": "::200 OK",
                    "id": "e9654c443eff553da9e69eda7007924e"
                },
                "201 Created": {
                    "name": "201 Created",
                    "path": "::201 Created",
                    "id": "728dcd977aae263ca314731145e1d447",
                    "passes": 0,
                    "fails": 15000
                },
                "204 No Content": {
                    "passes": 0,
                    "fails": 15000,
                    "name": "204 No Content",
                    "path": "::204 No Content",
                    "id": "54fa3c2eda34e1622fda2da5e0479fc5"
                },
                "400 Bad Request": {
                    "path": "::400 Bad Request",
                    "id": "eeae81934b9b58bccaf0184a6d070338",
                    "passes": 0,
                    "fails": 15000,
                    "name": "400 Bad Request"
                },
                "401 Unauthorized": {
                    "fails": 15000,
                    "name": "401 Unauthorized",
                    "path": "::401 Unauthorized",
                    "id": "6ae9254e6aefe7f0bafe5102fa7e20a5",
                    "passes": 0
                },
                "403 Forbidden": {
                    "fails": 15000,
                    "name": "403 Forbidden",
                    "path": "::403 Forbidden",
                    "id": "655548b761742c5a7ad15aa7df3a5d9c",
                    "passes": 0
                },
                "404 Not Found": {
                    "name": "404 Not Found",
                    "path": "::404 Not Found",
                    "id": "df1528f9925ca236bac51008f77b774a",
                    "passes": 0,
                    "fails": 15000
                },
                "422 Unprocessable Content": {
                    "name": "422 Unprocessable Content",
                    "path": "::422 Unprocessable Content",
                    "id": "d94c37ab64a32602add978a71bd22822",
                    "passes": 0,
                    "fails": 15000
                },
                "429 Too Many Requests": {
                    "name": "429 Too Many Requests",
                    "path": "::429 Too Many Requests",
                    "id": "b810c35b9499cc7342fd415032e3a6aa",
                    "passes": 0,
                    "fails": 15000
                },
                "500 Internal Server Error": {
                    "name": "500 Internal Server Error",
                    "path": "::500 Internal Server Error",
                    "id": "3cd96245b24e869810efe46d533b0eef",
                    "passes": 0,
                    "fails": 15000
                },
                "502 Bad Gateway": {
                    "path": "::502 Bad Gateway",
                    "id": "712cb0ec189a11f31f0d6d0c0031b569",
                    "passes": 0,
                    "fails": 15000,
                    "name": "502 Bad Gateway"
                },
                "503 Service Unavailable": {
                    "path": "::503 Service Unavailable",
                    "id": "f1ea1a22be0dc738c385523a66ea1cd9",
                    "passes": 0,
                    "fails": 15000,
                    "name": "503 Service Unavailable"
                },
                "504 Gateway Timeout": {
                    "path": "::504 Gateway Timeout",
                    "id": "218efb729cb654723ccd57c6ebbebe29",
                    "passes": 0,
                    "fails": 15000,
                    "name": "504 Gateway Timeout"
                }
            }
    }
}