{
    "metrics": {
        "vus_max": {
            "value": 15000,
            "min": 3360,
            "max": 15000
        },
        "http_req_tls_handshaking": {
            "p(95)": 1601.1660899999997,
            "avg": 1313.3398738666651,
            "min": 6.0003,
            "med": 1316.4585499999998,
            "max": 1764.0463,
            "p(90)": 1557.7692
        },
        "iteration_duration": {
            "avg": 26470.133995933273,
            "min": 3902.2255,
            "med": 28327.4629,
            "max": 49520.1313,
            "p(90)": 39715.15271,
            "p(95)": 41234.87450499999
        },
        "http_reqs": {
            "count": 15000,
            "rate": 300.77856772879454
        },
        "http_req_connecting": {
            "med": 1589.96255,
            "max": 1764.0476,
            "p(90)": 1740.0457999999999,
            "p(95)": 1747.327895,
            "avg": 1530.3641165066492,
            "min": 97.7187
        },
        "checks": {
            "passes": 15000,
            "fails": 180000,
            "value": 0.07692307692307693
        },
        "http_req_duration{expected_response:true}": {
            "min": 804.8362,
            "med": 24467.8419,
            "max": 45568.2626,
            "p(90)": 35779.734860000004,
            "p(95)": 37275.89793499999,
            "avg": 22624.214227693315
        },
        "data_sent": {
            "count": 24965110,
            "rate": 500598.00193278707
        },
        "http_req_failed": {
            "passes": 0,
            "fails": 15000,
            "value": 0
        },
        "http_req_blocked": {
            "avg": 2844.7267698666637,
            "min": 471.1961,
            "med": 2909.4701,
            "max": 3296.4258,
            "p(90)": 3094.8483100000003,
            "p(95)": 3125.2868
        },
        "http_req_sending": {
            "avg": 0.3111459599999998,
            "min": 0,
            "med": 0,
            "max": 38.999,
            "p(90)": 1.0006,
            "p(95)": 1.0022
        },
        "vus": {
            "value": 1,
            "min": 0,
            "max": 15000
        },
        "http_req_duration": {
            "med": 24467.8419,
            "max": 45568.2626,
            "p(90)": 35779.734860000004,
            "p(95)": 37275.89793499999,
            "avg": 22624.214227693315,
            "min": 804.8362
        },
        "data_received": {
            "count": 424816023,
            "rate": 8518370.329745509
        },
        "http_req_waiting": {
            "p(95)": 37273.56357,
            "avg": 22619.76562960673,
            "min": 801.8356,
            "med": 24462.2837,
            "max": 45566.6884,
            "p(90)": 35776.70652
        },
        "iterations": {
            "count": 15000,
            "rate": 300.77856772879454
        },
        "http_req_receiving": {
            "max": 258.8954,
            "p(90)": 7.4151700000000025,
            "p(95)": 10.574449999999995,
            "avg": 4.137452126666651,
            "min": 0,
            "med": 2.7653
        }
    },
    "root_group": {
        "id": "d41d8cd98f00b204e9800998ecf8427e",
        "groups": {},
        "checks": {
                "200 OK": {
                    "name": "200 OK",
                    "path": "::200 OK",
                    "id": "e9654c443eff553da9e69eda7007924e",
                    "passes": 15000,
                    "fails": 0
                },
                "201 Created": {
                    "passes": 0,
                    "fails": 15000,
                    "name": "201 Created",
                    "path": "::201 Created",
                    "id": "728dcd977aae263ca314731145e1d447"
                },
                "204 No Content": {
                    "name": "204 No Content",
                    "path": "::204 No Content",
                    "id": "54fa3c2eda34e1622fda2da5e0479fc5",
                    "passes": 0,
                    "fails": 15000
                },
                "400 Bad Request": {
                    "id": "eeae81934b9b58bccaf0184a6d070338",
                    "passes": 0,
                    "fails": 15000,
                    "name": "400 Bad Request",
                    "path": "::400 Bad Request"
                },
                "401 Unauthorized": {
                    "name": "401 Unauthorized",
                    "path": "::401 Unauthorized",
                    "id": "6ae9254e6aefe7f0bafe5102fa7e20a5",
                    "passes": 0,
                    "fails": 15000
                },
                "403 Forbidden": {
                    "name": "403 Forbidden",
                    "path": "::403 Forbidden",
                    "id": "655548b761742c5a7ad15aa7df3a5d9c",
                    "passes": 0,
                    "fails": 15000
                },
                "404 Not Found": {
                    "path": "::404 Not Found",
                    "id": "df1528f9925ca236bac51008f77b774a",
                    "passes": 0,
                    "fails": 15000,
                    "name": "404 Not Found"
                },
                "422 Unprocessable Content": {
                    "path": "::422 Unprocessable Content",
                    "id": "d94c37ab64a32602add978a71bd22822",
                    "passes": 0,
                    "fails": 15000,
                    "name": "422 Unprocessable Content"
                },
                "429 Too Many Requests": {
                    "name": "429 Too Many Requests",
                    "path": "::429 Too Many Requests",
                    "id": "b810c35b9499cc7342fd415032e3a6aa",
                    "passes": 0,
                    "fails": 15000
                },
                "500 Internal Server Error": {
                    "name": "500 Internal Server Error",
                    "path": "::500 Internal Server Error",
                    "id": "3cd96245b24e869810efe46d533b0eef",
                    "passes": 0,
                    "fails": 15000
                },
                "502 Bad Gateway": {
                    "name": "502 Bad Gateway",
                    "path": "::502 Bad Gateway",
                    "id": "712cb0ec189a11f31f0d6d0c0031b569",
                    "passes": 0,
                    "fails": 15000
                },
                "503 Service Unavailable": {
                    "name": "503 Service Unavailable",
                    "path": "::503 Service Unavailable",
                    "id": "f1ea1a22be0dc738c385523a66ea1cd9",
                    "passes": 0,
                    "fails": 15000
                },
                "504 Gateway Timeout": {
                    "passes": 0,
                    "fails": 15000,
                    "name": "504 Gateway Timeout",
                    "path": "::504 Gateway Timeout",
                    "id": "218efb729cb654723ccd57c6ebbebe29"
                }
            },
        "name": "",
        "path": ""
    }
}