{
    "metrics": {
        "http_req_duration": {
            "avg": 28555.9429910267,
            "min": 639.8505,
            "med": 31964.89165,
            "max": 58606.3203,
            "p(90)": 47826.48633000001,
            "p(95)": 53653.014149999995
        },
        "checks": {
            "passes": 14952,
            "fails": 180048,
            "value": 0.07667692307692307
        },
        "data_sent": {
            "count": 13640782,
            "rate": 221045.7081685625
        },
        "http_req_connecting": {
            "avg": 670.1392811400007,
            "min": 115.2217,
            "med": 676.3213,
            "max": 720.269,
            "p(90)": 709.7049,
            "p(95)": 711.9168
        },
        "http_req_receiving": {
            "med": 0,
            "max": 424.886,
            "p(90)": 0.5388,
            "p(95)": 0.9986,
            "avg": 0.2222399199999998,
            "min": 0
        },
        "http_req_duration{expected_response:true}": {
            "avg": 28467.51451829859,
            "min": 639.8505,
            "med": 31908.5616,
            "max": 58120.1808,
            "p(90)": 47552.412449999996,
            "p(95)": 53485.02042
        },
        "data_received": {
            "rate": 1294380.0569682834,
            "count": 79876494
        },
        "http_reqs": {
            "count": 15000,
            "rate": 243.07152057179988
        },
        "vus": {
            "min": 0,
            "max": 15000,
            "value": 130
        },
        "iteration_duration": {
            "avg": 32101.647130433303,
            "min": 2520.8444,
            "med": 35749.86425,
            "max": 61006.2909,
            "p(90)": 51724.317350000005,
            "p(95)": 58286.690319999994
        },
        "http_req_sending": {
            "avg": 0.34922634666666613,
            "min": 0,
            "med": 0,
            "max": 1339.8099,
            "p(90)": 0.9998,
            "p(95)": 1.001
        },
        "http_req_tls_handshaking": {
            "p(95)": 4192.504084999999,
            "avg": 1873.6949519466687,
            "min": 646.5015,
            "med": 1795.5845,
            "max": 4793.0091,
            "p(90)": 3461.15311
        },
        "http_req_blocked": {
            "p(95)": 4847.336574999998,
            "avg": 2545.1071383200233,
            "min": 825.0248,
            "med": 2491.4249,
            "max": 5458.0655,
            "p(90)": 4122.27737
        },
        "http_req_failed": {
            "fails": 14952,
            "passes": 48,
            "value": 0.0032
        },
        "vus_max": {
            "max": 15000,
            "value": 15000,
            "min": 3515
        },
        "iterations": {
            "count": 15000,
            "rate": 243.07152057179988
        },
        "http_req_waiting": {
            "p(95)": 53652.502195,
            "avg": 28555.371524759965,
            "min": 638.8515,
            "med": 31964.5732,
            "max": 58605.318,
            "p(90)": 47826.386450000005
        }
    },
    "root_group": {
        "name": "",
        "path": "",
        "id": "d41d8cd98f00b204e9800998ecf8427e",
        "groups": {},
        "checks": {
                "200 OK": {
                    "fails": 48,
                    "name": "200 OK",
                    "path": "::200 OK",
                    "id": "e9654c443eff553da9e69eda7007924e",
                    "passes": 14952
                },
                "201 Created": {
                    "name": "201 Created",
                    "path": "::201 Created",
                    "id": "728dcd977aae263ca314731145e1d447",
                    "passes": 0,
                    "fails": 15000
                },
                "204 No Content": {
                    "name": "204 No Content",
                    "path": "::204 No Content",
                    "id": "54fa3c2eda34e1622fda2da5e0479fc5",
                    "passes": 0,
                    "fails": 15000
                },
                "400 Bad Request": {
                    "passes": 0,
                    "fails": 15000,
                    "name": "400 Bad Request",
                    "path": "::400 Bad Request",
                    "id": "eeae81934b9b58bccaf0184a6d070338"
                },
                "401 Unauthorized": {
                    "name": "401 Unauthorized",
                    "path": "::401 Unauthorized",
                    "id": "6ae9254e6aefe7f0bafe5102fa7e20a5",
                    "passes": 0,
                    "fails": 15000
                },
                "403 Forbidden": {
                    "name": "403 Forbidden",
                    "path": "::403 Forbidden",
                    "id": "655548b761742c5a7ad15aa7df3a5d9c",
                    "passes": 0,
                    "fails": 15000
                },
                "404 Not Found": {
                    "id": "df1528f9925ca236bac51008f77b774a",
                    "passes": 0,
                    "fails": 15000,
                    "name": "404 Not Found",
                    "path": "::404 Not Found"
                },
                "422 Unprocessable Content": {
                    "name": "422 Unprocessable Content",
                    "path": "::422 Unprocessable Content",
                    "id": "d94c37ab64a32602add978a71bd22822",
                    "passes": 0,
                    "fails": 15000
                },
                "429 Too Many Requests": {
                    "fails": 15000,
                    "name": "429 Too Many Requests",
                    "path": "::429 Too Many Requests",
                    "id": "b810c35b9499cc7342fd415032e3a6aa",
                    "passes": 0
                },
                "500 Internal Server Error": {
                    "id": "3cd96245b24e869810efe46d533b0eef",
                    "passes": 0,
                    "fails": 15000,
                    "name": "500 Internal Server Error",
                    "path": "::500 Internal Server Error"
                },
                "502 Bad Gateway": {
                    "path": "::502 Bad Gateway",
                    "id": "712cb0ec189a11f31f0d6d0c0031b569",
                    "passes": 0,
                    "fails": 15000,
                    "name": "502 Bad Gateway"
                },
                "503 Service Unavailable": {
                    "fails": 15000,
                    "name": "503 Service Unavailable",
                    "path": "::503 Service Unavailable",
                    "id": "f1ea1a22be0dc738c385523a66ea1cd9",
                    "passes": 0
                },
                "504 Gateway Timeout": {
                    "name": "504 Gateway Timeout",
                    "path": "::504 Gateway Timeout",
                    "id": "218efb729cb654723ccd57c6ebbebe29",
                    "passes": 0,
                    "fails": 15000
                }
            }
    }
}