{
    "metrics": {
        "checks": {
            "passes": 10000,
            "fails": 120000,
            "value": 0.07692307692307693
        },
        "http_req_tls_handshaking": {
            "avg": 920.9702685300047,
            "min": 40.9988,
            "med": 705.1170999999999,
            "max": 2444.3771,
            "p(90)": 2003.11311,
            "p(95)": 2203.56231
        },
        "http_req_duration{expected_response:true}": {
            "p(95)": 3342.895,
            "avg": 1985.467682719994,
            "min": 1.2999,
            "med": 1888.1208,
            "max": 4481.9561,
            "p(90)": 3163.1883700000003
        },
        "vus_max": {
            "value": 10000,
            "min": 3115,
            "max": 10000
        },
        "iterations": {
            "count": 10000,
            "rate": 1449.388246557058
        },
        "data_sent": {
            "count": 8860000,
            "rate": 1284157.9864495534
        },
        "data_received": {
            "count": 86511387,
            "rate": 12538858.751114907
        },
        "iteration_duration": {
            "avg": 4378.017586190002,
            "min": 1396.9526,
            "med": 4959.75295,
            "max": 6281.636,
            "p(90)": 5335.47102,
            "p(95)": 5567.100775
        },
        "http_reqs": {
            "count": 10000,
            "rate": 1449.388246557058
        },
        "http_req_duration": {
            "avg": 1985.467682719994,
            "min": 1.2999,
            "med": 1888.1208,
            "max": 4481.9561,
            "p(90)": 3163.1883700000003,
            "p(95)": 3342.895
        },
        "http_req_blocked": {
            "p(90)": 2464.52248,
            "p(95)": 2663.198075,
            "avg": 1391.8973863600017,
            "min": 374.529,
            "med": 1243.0417499999999,
            "max": 2926.6951
        },
        "http_req_failed": {
            "passes": 0,
            "fails": 10000,
            "value": 0
        },
        "vus": {
            "value": 47,
            "min": 0,
            "max": 10000
        },
        "http_req_sending": {
            "med": 0,
            "max": 31.0006,
            "p(90)": 0.9979,
            "p(95)": 1.0005,
            "avg": 0.18927467000000026,
            "min": 0
        },
        "http_req_waiting": {
            "p(95)": 3341.896,
            "avg": 1984.4509869699996,
            "min": 0,
            "med": 1888.0231,
            "max": 4480.9509,
            "p(90)": 3162.6062
        },
        "http_req_receiving": {
            "avg": 0.8274210800000045,
            "min": 0,
            "med": 0.11665,
            "max": 303.9489,
            "p(90)": 1.9998,
            "p(95)": 2.425454999999986
        },
        "http_req_connecting": {
            "med": 454.9255,
            "max": 599.9266,
            "p(90)": 553.4236,
            "p(95)": 576.423345,
            "avg": 470.0306644200045,
            "min": 145.5467
        }
    },
    "root_group": {
        "groups": {},
        "checks": {
                "200 OK": {
                    "name": "200 OK",
                    "path": "::200 OK",
                    "id": "e9654c443eff553da9e69eda7007924e",
                    "passes": 10000,
                    "fails": 0
                },
                "201 Created": {
                    "name": "201 Created",
                    "path": "::201 Created",
                    "id": "728dcd977aae263ca314731145e1d447",
                    "passes": 0,
                    "fails": 10000
                },
                "204 No Content": {
                    "id": "54fa3c2eda34e1622fda2da5e0479fc5",
                    "passes": 0,
                    "fails": 10000,
                    "name": "204 No Content",
                    "path": "::204 No Content"
                },
                "400 Bad Request": {
                    "path": "::400 Bad Request",
                    "id": "eeae81934b9b58bccaf0184a6d070338",
                    "passes": 0,
                    "fails": 10000,
                    "name": "400 Bad Request"
                },
                "401 Unauthorized": {
                    "name": "401 Unauthorized",
                    "path": "::401 Unauthorized",
                    "id": "6ae9254e6aefe7f0bafe5102fa7e20a5",
                    "passes": 0,
                    "fails": 10000
                },
                "403 Forbidden": {
                    "name": "403 Forbidden",
                    "path": "::403 Forbidden",
                    "id": "655548b761742c5a7ad15aa7df3a5d9c",
                    "passes": 0,
                    "fails": 10000
                },
                "404 Not Found": {
                    "id": "df1528f9925ca236bac51008f77b774a",
                    "passes": 0,
                    "fails": 10000,
                    "name": "404 Not Found",
                    "path": "::404 Not Found"
                },
                "422 Unprocessable Content": {
                    "name": "422 Unprocessable Content",
                    "path": "::422 Unprocessable Content",
                    "id": "d94c37ab64a32602add978a71bd22822",
                    "passes": 0,
                    "fails": 10000
                },
                "429 Too Many Requests": {
                    "path": "::429 Too Many Requests",
                    "id": "b810c35b9499cc7342fd415032e3a6aa",
                    "passes": 0,
                    "fails": 10000,
                    "name": "429 Too Many Requests"
                },
                "500 Internal Server Error": {
                    "path": "::500 Internal Server Error",
                    "id": "3cd96245b24e869810efe46d533b0eef",
                    "passes": 0,
                    "fails": 10000,
                    "name": "500 Internal Server Error"
                },
                "502 Bad Gateway": {
                    "name": "502 Bad Gateway",
                    "path": "::502 Bad Gateway",
                    "id": "712cb0ec189a11f31f0d6d0c0031b569",
                    "passes": 0,
                    "fails": 10000
                },
                "503 Service Unavailable": {
                    "name": "503 Service Unavailable",
                    "path": "::503 Service Unavailable",
                    "id": "f1ea1a22be0dc738c385523a66ea1cd9",
                    "passes": 0,
                    "fails": 10000
                },
                "504 Gateway Timeout": {
                    "name": "504 Gateway Timeout",
                    "path": "::504 Gateway Timeout",
                    "id": "218efb729cb654723ccd57c6ebbebe29",
                    "passes": 0,
                    "fails": 10000
                }
            },
        "name": "",
        "path": "",
        "id": "d41d8cd98f00b204e9800998ecf8427e"
    }
}