{
    "metrics": {
        "http_req_duration": {
            "p(90)": 4919.552360000001,
            "p(95)": 5112.74963,
            "avg": 3311.970493546675,
            "min": 0,
            "med": 4043.0857,
            "max": 6670.5434
        },
        "http_req_connecting": {
            "p(90)": 657.55165,
            "p(95)": 663.8665,
            "avg": 638.9488950399907,
            "min": 119.26,
            "med": 647.19465,
            "max": 676.7539
        },
        "data_received": {
            "count": 129769952,
            "rate": 13558642.524549332
        },
        "vus_max": {
            "value": 15000,
            "min": 3886,
            "max": 15000
        },
        "http_req_sending": {
            "avg": 0.3587192733333322,
            "min": 0,
            "med": 0,
            "max": 989.8379,
            "p(90)": 0.9998,
            "p(95)": 1.0009
        },
        "http_req_failed": {
            "passes": 0,
            "fails": 15000,
            "value": 0
        },
        "checks": {
            "passes": 15000,
            "fails": 180000,
            "value": 0.07692307692307693
        },
        "iterations": {
            "count": 15000,
            "rate": 1567.232126804208
        },
        "http_reqs": {
            "count": 15000,
            "rate": 1567.232126804208
        },
        "http_req_receiving": {
            "avg": 1.1226171333333284,
            "min": 0,
            "med": 0.0126,
            "max": 705.4099,
            "p(90)": 2.9981,
            "p(95)": 3.940994999999991
        },
        "iteration_duration": {
            "med": 7626.7341,
            "max": 8903.5431,
            "p(90)": 8006.63691,
            "p(95)": 8070.753045,
            "avg": 6362.361024640053,
            "min": 2260.8106
        },
        "http_req_duration{expected_response:true}": {
            "avg": 3311.970493546675,
            "min": 0,
            "med": 4043.0857,
            "max": 6670.5434,
            "p(90)": 4919.552360000001,
            "p(95)": 5112.74963
        },
        "http_req_tls_handshaking": {
            "p(95)": 2761.546495,
            "avg": 1407.6667786666749,
            "min": 500.7945,
            "med": 1219.9613,
            "max": 3157.948,
            "p(90)": 2455.9626500000004
        },
        "http_req_waiting": {
            "p(90)": 4918.26962,
            "p(95)": 5112.396049999999,
            "avg": 3310.489157140002,
            "min": 0,
            "med": 4041.2015,
            "max": 6669.5441
        },
        "vus": {
            "value": 21,
            "min": 0,
            "max": 15000
        },
        "data_sent": {
            "rate": 1388567.6643485283,
            "count": 13290000
        },
        "http_req_blocked": {
            "max": 3821.8145,
            "p(90)": 3105.86792,
            "p(95)": 3407.69448,
            "avg": 2047.6862042399887,
            "min": 762.3104,
            "med": 1868.8948500000001
        }
    },
    "root_group": {
        "name": "",
        "path": "",
        "id": "d41d8cd98f00b204e9800998ecf8427e",
        "groups": {},
        "checks": {
                "200 OK": {
                    "passes": 15000,
                    "fails": 0,
                    "name": "200 OK",
                    "path": "::200 OK",
                    "id": "e9654c443eff553da9e69eda7007924e"
                },
                "201 Created": {
                    "name": "201 Created",
                    "path": "::201 Created",
                    "id": "728dcd977aae263ca314731145e1d447",
                    "passes": 0,
                    "fails": 15000
                },
                "204 No Content": {
                    "name": "204 No Content",
                    "path": "::204 No Content",
                    "id": "54fa3c2eda34e1622fda2da5e0479fc5",
                    "passes": 0,
                    "fails": 15000
                },
                "400 Bad Request": {
                    "name": "400 Bad Request",
                    "path": "::400 Bad Request",
                    "id": "eeae81934b9b58bccaf0184a6d070338",
                    "passes": 0,
                    "fails": 15000
                },
                "401 Unauthorized": {
                    "id": "6ae9254e6aefe7f0bafe5102fa7e20a5",
                    "passes": 0,
                    "fails": 15000,
                    "name": "401 Unauthorized",
                    "path": "::401 Unauthorized"
                },
                "403 Forbidden": {
                    "name": "403 Forbidden",
                    "path": "::403 Forbidden",
                    "id": "655548b761742c5a7ad15aa7df3a5d9c",
                    "passes": 0,
                    "fails": 15000
                },
                "404 Not Found": {
                    "passes": 0,
                    "fails": 15000,
                    "name": "404 Not Found",
                    "path": "::404 Not Found",
                    "id": "df1528f9925ca236bac51008f77b774a"
                },
                "422 Unprocessable Content": {
                    "name": "422 Unprocessable Content",
                    "path": "::422 Unprocessable Content",
                    "id": "d94c37ab64a32602add978a71bd22822",
                    "passes": 0,
                    "fails": 15000
                },
                "429 Too Many Requests": {
                    "id": "b810c35b9499cc7342fd415032e3a6aa",
                    "passes": 0,
                    "fails": 15000,
                    "name": "429 Too Many Requests",
                    "path": "::429 Too Many Requests"
                },
                "500 Internal Server Error": {
                    "name": "500 Internal Server Error",
                    "path": "::500 Internal Server Error",
                    "id": "3cd96245b24e869810efe46d533b0eef",
                    "passes": 0,
                    "fails": 15000
                },
                "502 Bad Gateway": {
                    "fails": 15000,
                    "name": "502 Bad Gateway",
                    "path": "::502 Bad Gateway",
                    "id": "712cb0ec189a11f31f0d6d0c0031b569",
                    "passes": 0
                },
                "503 Service Unavailable": {
                    "fails": 15000,
                    "name": "503 Service Unavailable",
                    "path": "::503 Service Unavailable",
                    "id": "f1ea1a22be0dc738c385523a66ea1cd9",
                    "passes": 0
                },
                "504 Gateway Timeout": {
                    "name": "504 Gateway Timeout",
                    "path": "::504 Gateway Timeout",
                    "id": "218efb729cb654723ccd57c6ebbebe29",
                    "passes": 0,
                    "fails": 15000
                }
            }
    }
}